feature,coefficient,odds_ratio,importance_score,relative_importance_pct,rank,model_type
amount_to_origin_balance_ratio,-69.36110260070663,7.531056083487289e-31,69.36110260070663,48.12422545850851,1,LogisticRegression
is_cashout,19.642599455219315,339369300.7764767,19.642599455219315,13.628458160705776,2,LogisticRegression
is_payment,-16.334974885550203,8.0502718287115e-08,16.334974885550203,11.33355706261918,3,LogisticRegression
is_dest_merchant,-16.334974885550203,8.0502718287115e-08,16.334974885550203,11.33355706261918,4,LogisticRegression
is_transfer,11.069547118179344,64186.43138384278,11.069547118179344,7.680289979032409,5,LogisticRegression
zero_balance_origin_after_transaction,3.704683954858065,40.63720209684645,3.704683954858065,2.570389443236621,6,LogisticRegression
zero_balance_destination_after_transaction,2.533261992084793,12.594522435373502,2.533261992084793,1.757631679449643,7,LogisticRegression
oldbalanceOrg,1.8548215009240596,6.390557440209305,1.8548215009240596,1.2869150683721862,8,LogisticRegression
newbalanceOrig,1.8054169317014659,6.082506909881615,1.8054169317014659,1.252637115185145,9,LogisticRegression
origin_balance_change,0.5324201514525255,1.7030489615654858,0.5324201514525255,0.36940455740237255,10,LogisticRegression
transaction_hour,-0.33380270825383096,0.7161950676650222,0.33380270825383096,0.2315995015699829,11,LogisticRegression
transaction_day,0.1531611002837124,1.16551272825029,0.1531611002837124,0.10626646701333603,12,LogisticRegression
step,0.1433211052776539,1.154100329880411,0.1433211052776539,0.0994392667465206,13,LogisticRegression
orig_balance_error,-0.07792893287371744,0.925030163443086,0.07792893287371744,0.054068770459792935,14,LogisticRegression
amount_to_destination_balance_ratio,0.06101887649746159,1.0629189781852193,0.06101887649746159,0.042336209484634284,15,LogisticRegression
amount,0.05127054510176353,1.0526076326031326,0.05127054510176353,0.03557260740305418,16,LogisticRegression
destination_balance_change,0.05122641105523929,1.0525611777940305,0.05122641105523929,0.03554198625192347,17,LogisticRegression
oldbalanceDest,-0.03680554329494878,0.9638635468561915,0.03680554329494878,0.025536477899516064,18,LogisticRegression
dest_balance_error,0.02417841395417599,1.0244730818797987,0.02417841395417599,0.01677550385924891,19,LogisticRegression
newbalanceDest,-0.022769000072251244,0.9774882574122634,0.022769000072251244,0.01579762218097514,20,LogisticRegression
