feature,importance_score,relative_importance_pct,rank,model_type
orig_balance_error,0.29070689419267853,29.070689419267854,1,RandomForest
amount_to_origin_balance_ratio,0.1656863631591379,16.56863631591379,2,RandomForest
origin_balance_change,0.14542620509411217,14.542620509411217,3,RandomForest
zero_balance_origin_after_transaction,0.13320244278879298,13.320244278879297,4,RandomForest
newbalanceOrig,0.05446196303327192,5.446196303327192,5,RandomForest
oldbalanceOrg,0.04794581177665135,4.794581177665135,6,RandomForest
amount,0.03647578684158913,3.647578684158913,7,RandomForest
is_dest_merchant,0.026549792555055168,2.6549792555055167,8,RandomForest
is_transfer,0.017314001290312585,1.7314001290312586,9,RandomForest
dest_balance_error,0.014409347387804649,1.440934738780465,10,RandomForest
transaction_day,0.010955349845671855,1.0955349845671856,11,RandomForest
destination_balance_change,0.01047631859750121,1.047631859750121,12,RandomForest
is_payment,0.009574742416599951,0.9574742416599952,13,RandomForest
step,0.008085761488422608,0.8085761488422608,14,RandomForest
newbalanceDest,0.006800775704138085,0.6800775704138085,15,RandomForest
transaction_hour,0.006255371091986389,0.6255371091986389,16,RandomForest
zero_balance_destination_after_transaction,0.005169863091208644,0.5169863091208644,17,RandomForest
is_cashout,0.00415451860030073,0.41545186003007306,18,RandomForest
oldbalanceDest,0.003291444094241441,0.32914440942414414,19,RandomForest
amount_to_destination_balance_ratio,0.003057246950522862,0.30572469505228617,20,RandomForest
