threshold,precision,recall,f1_score,true_positives,false_positives,false_negatives,true_negatives,alert_count,fraud_exposure_recall_pct,flagged_fraud_exposure_usd,false_alert_volume_usd
0.1,0.8483,1.0,0.9179,1314,235,0,1016471,1549,100.0,1959696842.04,86416223.87
0.2,0.9019,1.0,0.9484,1314,143,0,1016563,1457,100.0,1959696842.04,52064712.49
0.3,0.9208,1.0,0.9588,1314,113,0,1016593,1427,100.0,1959696842.04,34991972.85
0.4,0.9326,1.0,0.9651,1314,95,0,1016611,1409,100.0,1959696842.04,29757845.48
0.5,0.9467,1.0,0.9726,1314,74,0,1016632,1388,100.0,1959696842.04,21473679.21
0.6,0.9556,1.0,0.9773,1314,61,0,1016645,1375,100.0,1959696842.04,17211550.16
0.7,0.9662,1.0,0.9828,1314,46,0,1016660,1360,100.0,1959696842.04,13326130.0
0.8,0.9806,1.0,0.9902,1314,26,0,1016680,1340,100.0,1959696842.04,9189924.41
0.9,0.9932,1.0,0.9966,1314,9,0,1016697,1323,100.0,1959696842.04,3896440.57
