step,transaction_hour,transaction_day,time_of_day_bracket,is_business_hours
1,0,1,Night (00:00-05:59),0
2,1,1,Night (00:00-05:59),0
3,2,1,Night (00:00-05:59),0
4,3,1,Night (00:00-05:59),0
5,4,1,Night (00:00-05:59),0
6,5,1,Night (00:00-05:59),0
7,6,1,Morning (06:00-11:59),0
8,7,1,Morning (06:00-11:59),0
9,8,1,Morning (06:00-11:59),0
10,9,1,Morning (06:00-11:59),1
11,10,1,Morning (06:00-11:59),1
12,11,1,Morning (06:00-11:59),1
13,12,1,Afternoon (12:00-17:59),1
14,13,1,Afternoon (12:00-17:59),1
15,14,1,Afternoon (12:00-17:59),1
16,15,1,Afternoon (12:00-17:59),1
17,16,1,Afternoon (12:00-17:59),1
18,17,1,Afternoon (12:00-17:59),1
19,18,1,Evening (18:00-23:59),1
20,19,1,Evening (18:00-23:59),0
21,20,1,Evening (18:00-23:59),0
22,21,1,Evening (18:00-23:59),0
23,22,1,Evening (18:00-23:59),0
24,23,1,Evening (18:00-23:59),0
25,0,2,Night (00:00-05:59),0
26,1,2,Night (00:00-05:59),0
27,2,2,Night (00:00-05:59),0
28,3,2,Night (00:00-05:59),0
29,4,2,Night (00:00-05:59),0
30,5,2,Night (00:00-05:59),0
31,6,2,Morning (06:00-11:59),0
32,7,2,Morning (06:00-11:59),0
33,8,2,Morning (06:00-11:59),0
34,9,2,Morning (06:00-11:59),1
35,10,2,Morning (06:00-11:59),1
36,11,2,Morning (06:00-11:59),1
37,12,2,Afternoon (12:00-17:59),1
38,13,2,Afternoon (12:00-17:59),1
39,14,2,Afternoon (12:00-17:59),1
40,15,2,Afternoon (12:00-17:59),1
41,16,2,Afternoon (12:00-17:59),1
42,17,2,Afternoon (12:00-17:59),1
43,18,2,Evening (18:00-23:59),1
44,19,2,Evening (18:00-23:59),0
45,20,2,Evening (18:00-23:59),0
46,21,2,Evening (18:00-23:59),0
47,22,2,Evening (18:00-23:59),0
48,23,2,Evening (18:00-23:59),0
49,0,3,Night (00:00-05:59),0
50,1,3,Night (00:00-05:59),0
51,2,3,Night (00:00-05:59),0
52,3,3,Night (00:00-05:59),0
53,4,3,Night (00:00-05:59),0
54,5,3,Night (00:00-05:59),0
55,6,3,Morning (06:00-11:59),0
56,7,3,Morning (06:00-11:59),0
57,8,3,Morning (06:00-11:59),0
58,9,3,Morning (06:00-11:59),1
59,10,3,Morning (06:00-11:59),1
60,11,3,Morning (06:00-11:59),1
61,12,3,Afternoon (12:00-17:59),1
62,13,3,Afternoon (12:00-17:59),1
63,14,3,Afternoon (12:00-17:59),1
64,15,3,Afternoon (12:00-17:59),1
65,16,3,Afternoon (12:00-17:59),1
66,17,3,Afternoon (12:00-17:59),1
67,18,3,Evening (18:00-23:59),1
68,19,3,Evening (18:00-23:59),0
69,20,3,Evening (18:00-23:59),0
70,21,3,Evening (18:00-23:59),0
71,22,3,Evening (18:00-23:59),0
72,23,3,Evening (18:00-23:59),0
73,0,4,Night (00:00-05:59),0
74,1,4,Night (00:00-05:59),0
75,2,4,Night (00:00-05:59),0
76,3,4,Night (00:00-05:59),0
77,4,4,Night (00:00-05:59),0
78,5,4,Night (00:00-05:59),0
79,6,4,Morning (06:00-11:59),0
80,7,4,Morning (06:00-11:59),0
81,8,4,Morning (06:00-11:59),0
82,9,4,Morning (06:00-11:59),1
83,10,4,Morning (06:00-11:59),1
84,11,4,Morning (06:00-11:59),1
85,12,4,Afternoon (12:00-17:59),1
86,13,4,Afternoon (12:00-17:59),1
87,14,4,Afternoon (12:00-17:59),1
88,15,4,Afternoon (12:00-17:59),1
89,16,4,Afternoon (12:00-17:59),1
90,17,4,Afternoon (12:00-17:59),1
91,18,4,Evening (18:00-23:59),1
92,19,4,Evening (18:00-23:59),0
93,20,4,Evening (18:00-23:59),0
94,21,4,Evening (18:00-23:59),0
95,22,4,Evening (18:00-23:59),0
96,23,4,Evening (18:00-23:59),0
97,0,5,Night (00:00-05:59),0
98,1,5,Night (00:00-05:59),0
99,2,5,Night (00:00-05:59),0
100,3,5,Night (00:00-05:59),0
101,4,5,Night (00:00-05:59),0
102,5,5,Night (00:00-05:59),0
103,6,5,Morning (06:00-11:59),0
104,7,5,Morning (06:00-11:59),0
105,8,5,Morning (06:00-11:59),0
106,9,5,Morning (06:00-11:59),1
107,10,5,Morning (06:00-11:59),1
108,11,5,Morning (06:00-11:59),1
109,12,5,Afternoon (12:00-17:59),1
110,13,5,Afternoon (12:00-17:59),1
111,14,5,Afternoon (12:00-17:59),1
112,15,5,Afternoon (12:00-17:59),1
113,16,5,Afternoon (12:00-17:59),1
114,17,5,Afternoon (12:00-17:59),1
115,18,5,Evening (18:00-23:59),1
116,19,5,Evening (18:00-23:59),0
117,20,5,Evening (18:00-23:59),0
118,21,5,Evening (18:00-23:59),0
119,22,5,Evening (18:00-23:59),0
120,23,5,Evening (18:00-23:59),0
121,0,6,Night (00:00-05:59),0
122,1,6,Night (00:00-05:59),0
123,2,6,Night (00:00-05:59),0
124,3,6,Night (00:00-05:59),0
125,4,6,Night (00:00-05:59),0
126,5,6,Night (00:00-05:59),0
127,6,6,Morning (06:00-11:59),0
128,7,6,Morning (06:00-11:59),0
129,8,6,Morning (06:00-11:59),0
130,9,6,Morning (06:00-11:59),1
131,10,6,Morning (06:00-11:59),1
132,11,6,Morning (06:00-11:59),1
133,12,6,Afternoon (12:00-17:59),1
134,13,6,Afternoon (12:00-17:59),1
135,14,6,Afternoon (12:00-17:59),1
136,15,6,Afternoon (12:00-17:59),1
137,16,6,Afternoon (12:00-17:59),1
138,17,6,Afternoon (12:00-17:59),1
139,18,6,Evening (18:00-23:59),1
140,19,6,Evening (18:00-23:59),0
141,20,6,Evening (18:00-23:59),0
142,21,6,Evening (18:00-23:59),0
143,22,6,Evening (18:00-23:59),0
144,23,6,Evening (18:00-23:59),0
145,0,7,Night (00:00-05:59),0
146,1,7,Night (00:00-05:59),0
147,2,7,Night (00:00-05:59),0
148,3,7,Night (00:00-05:59),0
149,4,7,Night (00:00-05:59),0
150,5,7,Night (00:00-05:59),0
151,6,7,Morning (06:00-11:59),0
152,7,7,Morning (06:00-11:59),0
153,8,7,Morning (06:00-11:59),0
154,9,7,Morning (06:00-11:59),1
155,10,7,Morning (06:00-11:59),1
156,11,7,Morning (06:00-11:59),1
157,12,7,Afternoon (12:00-17:59),1
158,13,7,Afternoon (12:00-17:59),1
159,14,7,Afternoon (12:00-17:59),1
160,15,7,Afternoon (12:00-17:59),1
161,16,7,Afternoon (12:00-17:59),1
162,17,7,Afternoon (12:00-17:59),1
163,18,7,Evening (18:00-23:59),1
164,19,7,Evening (18:00-23:59),0
165,20,7,Evening (18:00-23:59),0
166,21,7,Evening (18:00-23:59),0
167,22,7,Evening (18:00-23:59),0
168,23,7,Evening (18:00-23:59),0
169,0,8,Night (00:00-05:59),0
170,1,8,Night (00:00-05:59),0
171,2,8,Night (00:00-05:59),0
172,3,8,Night (00:00-05:59),0
173,4,8,Night (00:00-05:59),0
174,5,8,Night (00:00-05:59),0
175,6,8,Morning (06:00-11:59),0
176,7,8,Morning (06:00-11:59),0
177,8,8,Morning (06:00-11:59),0
178,9,8,Morning (06:00-11:59),1
179,10,8,Morning (06:00-11:59),1
180,11,8,Morning (06:00-11:59),1
181,12,8,Afternoon (12:00-17:59),1
182,13,8,Afternoon (12:00-17:59),1
183,14,8,Afternoon (12:00-17:59),1
184,15,8,Afternoon (12:00-17:59),1
185,16,8,Afternoon (12:00-17:59),1
186,17,8,Afternoon (12:00-17:59),1
187,18,8,Evening (18:00-23:59),1
188,19,8,Evening (18:00-23:59),0
189,20,8,Evening (18:00-23:59),0
190,21,8,Evening (18:00-23:59),0
191,22,8,Evening (18:00-23:59),0
192,23,8,Evening (18:00-23:59),0
193,0,9,Night (00:00-05:59),0
194,1,9,Night (00:00-05:59),0
195,2,9,Night (00:00-05:59),0
196,3,9,Night (00:00-05:59),0
197,4,9,Night (00:00-05:59),0
198,5,9,Night (00:00-05:59),0
199,6,9,Morning (06:00-11:59),0
200,7,9,Morning (06:00-11:59),0
201,8,9,Morning (06:00-11:59),0
202,9,9,Morning (06:00-11:59),1
203,10,9,Morning (06:00-11:59),1
204,11,9,Morning (06:00-11:59),1
205,12,9,Afternoon (12:00-17:59),1
206,13,9,Afternoon (12:00-17:59),1
207,14,9,Afternoon (12:00-17:59),1
208,15,9,Afternoon (12:00-17:59),1
209,16,9,Afternoon (12:00-17:59),1
210,17,9,Afternoon (12:00-17:59),1
211,18,9,Evening (18:00-23:59),1
212,19,9,Evening (18:00-23:59),0
213,20,9,Evening (18:00-23:59),0
214,21,9,Evening (18:00-23:59),0
215,22,9,Evening (18:00-23:59),0
216,23,9,Evening (18:00-23:59),0
217,0,10,Night (00:00-05:59),0
218,1,10,Night (00:00-05:59),0
219,2,10,Night (00:00-05:59),0
220,3,10,Night (00:00-05:59),0
221,4,10,Night (00:00-05:59),0
222,5,10,Night (00:00-05:59),0
223,6,10,Morning (06:00-11:59),0
224,7,10,Morning (06:00-11:59),0
225,8,10,Morning (06:00-11:59),0
226,9,10,Morning (06:00-11:59),1
227,10,10,Morning (06:00-11:59),1
228,11,10,Morning (06:00-11:59),1
229,12,10,Afternoon (12:00-17:59),1
230,13,10,Afternoon (12:00-17:59),1
231,14,10,Afternoon (12:00-17:59),1
232,15,10,Afternoon (12:00-17:59),1
233,16,10,Afternoon (12:00-17:59),1
234,17,10,Afternoon (12:00-17:59),1
235,18,10,Evening (18:00-23:59),1
236,19,10,Evening (18:00-23:59),0
237,20,10,Evening (18:00-23:59),0
238,21,10,Evening (18:00-23:59),0
239,22,10,Evening (18:00-23:59),0
240,23,10,Evening (18:00-23:59),0
241,0,11,Night (00:00-05:59),0
242,1,11,Night (00:00-05:59),0
243,2,11,Night (00:00-05:59),0
244,3,11,Night (00:00-05:59),0
245,4,11,Night (00:00-05:59),0
246,5,11,Night (00:00-05:59),0
247,6,11,Morning (06:00-11:59),0
248,7,11,Morning (06:00-11:59),0
249,8,11,Morning (06:00-11:59),0
250,9,11,Morning (06:00-11:59),1
251,10,11,Morning (06:00-11:59),1
252,11,11,Morning (06:00-11:59),1
253,12,11,Afternoon (12:00-17:59),1
254,13,11,Afternoon (12:00-17:59),1
255,14,11,Afternoon (12:00-17:59),1
256,15,11,Afternoon (12:00-17:59),1
257,16,11,Afternoon (12:00-17:59),1
258,17,11,Afternoon (12:00-17:59),1
259,18,11,Evening (18:00-23:59),1
260,19,11,Evening (18:00-23:59),0
261,20,11,Evening (18:00-23:59),0
262,21,11,Evening (18:00-23:59),0
263,22,11,Evening (18:00-23:59),0
264,23,11,Evening (18:00-23:59),0
265,0,12,Night (00:00-05:59),0
266,1,12,Night (00:00-05:59),0
267,2,12,Night (00:00-05:59),0
268,3,12,Night (00:00-05:59),0
269,4,12,Night (00:00-05:59),0
270,5,12,Night (00:00-05:59),0
271,6,12,Morning (06:00-11:59),0
272,7,12,Morning (06:00-11:59),0
273,8,12,Morning (06:00-11:59),0
274,9,12,Morning (06:00-11:59),1
275,10,12,Morning (06:00-11:59),1
276,11,12,Morning (06:00-11:59),1
277,12,12,Afternoon (12:00-17:59),1
278,13,12,Afternoon (12:00-17:59),1
279,14,12,Afternoon (12:00-17:59),1
280,15,12,Afternoon (12:00-17:59),1
281,16,12,Afternoon (12:00-17:59),1
282,17,12,Afternoon (12:00-17:59),1
283,18,12,Evening (18:00-23:59),1
284,19,12,Evening (18:00-23:59),0
285,20,12,Evening (18:00-23:59),0
286,21,12,Evening (18:00-23:59),0
287,22,12,Evening (18:00-23:59),0
288,23,12,Evening (18:00-23:59),0
289,0,13,Night (00:00-05:59),0
290,1,13,Night (00:00-05:59),0
291,2,13,Night (00:00-05:59),0
292,3,13,Night (00:00-05:59),0
293,4,13,Night (00:00-05:59),0
294,5,13,Night (00:00-05:59),0
295,6,13,Morning (06:00-11:59),0
296,7,13,Morning (06:00-11:59),0
297,8,13,Morning (06:00-11:59),0
298,9,13,Morning (06:00-11:59),1
299,10,13,Morning (06:00-11:59),1
300,11,13,Morning (06:00-11:59),1
301,12,13,Afternoon (12:00-17:59),1
302,13,13,Afternoon (12:00-17:59),1
303,14,13,Afternoon (12:00-17:59),1
304,15,13,Afternoon (12:00-17:59),1
305,16,13,Afternoon (12:00-17:59),1
306,17,13,Afternoon (12:00-17:59),1
307,18,13,Evening (18:00-23:59),1
308,19,13,Evening (18:00-23:59),0
309,20,13,Evening (18:00-23:59),0
310,21,13,Evening (18:00-23:59),0
311,22,13,Evening (18:00-23:59),0
312,23,13,Evening (18:00-23:59),0
313,0,14,Night (00:00-05:59),0
314,1,14,Night (00:00-05:59),0
315,2,14,Night (00:00-05:59),0
316,3,14,Night (00:00-05:59),0
317,4,14,Night (00:00-05:59),0
318,5,14,Night (00:00-05:59),0
319,6,14,Morning (06:00-11:59),0
320,7,14,Morning (06:00-11:59),0
321,8,14,Morning (06:00-11:59),0
322,9,14,Morning (06:00-11:59),1
323,10,14,Morning (06:00-11:59),1
324,11,14,Morning (06:00-11:59),1
325,12,14,Afternoon (12:00-17:59),1
326,13,14,Afternoon (12:00-17:59),1
327,14,14,Afternoon (12:00-17:59),1
328,15,14,Afternoon (12:00-17:59),1
329,16,14,Afternoon (12:00-17:59),1
330,17,14,Afternoon (12:00-17:59),1
331,18,14,Evening (18:00-23:59),1
332,19,14,Evening (18:00-23:59),0
333,20,14,Evening (18:00-23:59),0
334,21,14,Evening (18:00-23:59),0
335,22,14,Evening (18:00-23:59),0
336,23,14,Evening (18:00-23:59),0
337,0,15,Night (00:00-05:59),0
338,1,15,Night (00:00-05:59),0
339,2,15,Night (00:00-05:59),0
340,3,15,Night (00:00-05:59),0
341,4,15,Night (00:00-05:59),0
342,5,15,Night (00:00-05:59),0
343,6,15,Morning (06:00-11:59),0
344,7,15,Morning (06:00-11:59),0
345,8,15,Morning (06:00-11:59),0
346,9,15,Morning (06:00-11:59),1
347,10,15,Morning (06:00-11:59),1
348,11,15,Morning (06:00-11:59),1
349,12,15,Afternoon (12:00-17:59),1
350,13,15,Afternoon (12:00-17:59),1
351,14,15,Afternoon (12:00-17:59),1
352,15,15,Afternoon (12:00-17:59),1
353,16,15,Afternoon (12:00-17:59),1
354,17,15,Afternoon (12:00-17:59),1
355,18,15,Evening (18:00-23:59),1
356,19,15,Evening (18:00-23:59),0
357,20,15,Evening (18:00-23:59),0
358,21,15,Evening (18:00-23:59),0
359,22,15,Evening (18:00-23:59),0
360,23,15,Evening (18:00-23:59),0
361,0,16,Night (00:00-05:59),0
362,1,16,Night (00:00-05:59),0
363,2,16,Night (00:00-05:59),0
364,3,16,Night (00:00-05:59),0
365,4,16,Night (00:00-05:59),0
366,5,16,Night (00:00-05:59),0
367,6,16,Morning (06:00-11:59),0
368,7,16,Morning (06:00-11:59),0
369,8,16,Morning (06:00-11:59),0
370,9,16,Morning (06:00-11:59),1
371,10,16,Morning (06:00-11:59),1
372,11,16,Morning (06:00-11:59),1
373,12,16,Afternoon (12:00-17:59),1
374,13,16,Afternoon (12:00-17:59),1
375,14,16,Afternoon (12:00-17:59),1
376,15,16,Afternoon (12:00-17:59),1
377,16,16,Afternoon (12:00-17:59),1
378,17,16,Afternoon (12:00-17:59),1
379,18,16,Evening (18:00-23:59),1
380,19,16,Evening (18:00-23:59),0
381,20,16,Evening (18:00-23:59),0
382,21,16,Evening (18:00-23:59),0
383,22,16,Evening (18:00-23:59),0
384,23,16,Evening (18:00-23:59),0
385,0,17,Night (00:00-05:59),0
386,1,17,Night (00:00-05:59),0
387,2,17,Night (00:00-05:59),0
388,3,17,Night (00:00-05:59),0
389,4,17,Night (00:00-05:59),0
390,5,17,Night (00:00-05:59),0
391,6,17,Morning (06:00-11:59),0
392,7,17,Morning (06:00-11:59),0
393,8,17,Morning (06:00-11:59),0
394,9,17,Morning (06:00-11:59),1
395,10,17,Morning (06:00-11:59),1
396,11,17,Morning (06:00-11:59),1
397,12,17,Afternoon (12:00-17:59),1
398,13,17,Afternoon (12:00-17:59),1
399,14,17,Afternoon (12:00-17:59),1
400,15,17,Afternoon (12:00-17:59),1
401,16,17,Afternoon (12:00-17:59),1
402,17,17,Afternoon (12:00-17:59),1
403,18,17,Evening (18:00-23:59),1
404,19,17,Evening (18:00-23:59),0
405,20,17,Evening (18:00-23:59),0
406,21,17,Evening (18:00-23:59),0
407,22,17,Evening (18:00-23:59),0
408,23,17,Evening (18:00-23:59),0
409,0,18,Night (00:00-05:59),0
410,1,18,Night (00:00-05:59),0
411,2,18,Night (00:00-05:59),0
412,3,18,Night (00:00-05:59),0
413,4,18,Night (00:00-05:59),0
414,5,18,Night (00:00-05:59),0
415,6,18,Morning (06:00-11:59),0
416,7,18,Morning (06:00-11:59),0
417,8,18,Morning (06:00-11:59),0
418,9,18,Morning (06:00-11:59),1
419,10,18,Morning (06:00-11:59),1
420,11,18,Morning (06:00-11:59),1
421,12,18,Afternoon (12:00-17:59),1
422,13,18,Afternoon (12:00-17:59),1
423,14,18,Afternoon (12:00-17:59),1
424,15,18,Afternoon (12:00-17:59),1
425,16,18,Afternoon (12:00-17:59),1
426,17,18,Afternoon (12:00-17:59),1
427,18,18,Evening (18:00-23:59),1
428,19,18,Evening (18:00-23:59),0
429,20,18,Evening (18:00-23:59),0
430,21,18,Evening (18:00-23:59),0
431,22,18,Evening (18:00-23:59),0
432,23,18,Evening (18:00-23:59),0
433,0,19,Night (00:00-05:59),0
434,1,19,Night (00:00-05:59),0
435,2,19,Night (00:00-05:59),0
436,3,19,Night (00:00-05:59),0
437,4,19,Night (00:00-05:59),0
438,5,19,Night (00:00-05:59),0
439,6,19,Morning (06:00-11:59),0
440,7,19,Morning (06:00-11:59),0
441,8,19,Morning (06:00-11:59),0
442,9,19,Morning (06:00-11:59),1
443,10,19,Morning (06:00-11:59),1
444,11,19,Morning (06:00-11:59),1
445,12,19,Afternoon (12:00-17:59),1
446,13,19,Afternoon (12:00-17:59),1
447,14,19,Afternoon (12:00-17:59),1
448,15,19,Afternoon (12:00-17:59),1
449,16,19,Afternoon (12:00-17:59),1
450,17,19,Afternoon (12:00-17:59),1
451,18,19,Evening (18:00-23:59),1
452,19,19,Evening (18:00-23:59),0
453,20,19,Evening (18:00-23:59),0
454,21,19,Evening (18:00-23:59),0
455,22,19,Evening (18:00-23:59),0
456,23,19,Evening (18:00-23:59),0
457,0,20,Night (00:00-05:59),0
458,1,20,Night (00:00-05:59),0
459,2,20,Night (00:00-05:59),0
460,3,20,Night (00:00-05:59),0
461,4,20,Night (00:00-05:59),0
462,5,20,Night (00:00-05:59),0
463,6,20,Morning (06:00-11:59),0
464,7,20,Morning (06:00-11:59),0
465,8,20,Morning (06:00-11:59),0
466,9,20,Morning (06:00-11:59),1
467,10,20,Morning (06:00-11:59),1
468,11,20,Morning (06:00-11:59),1
469,12,20,Afternoon (12:00-17:59),1
470,13,20,Afternoon (12:00-17:59),1
471,14,20,Afternoon (12:00-17:59),1
472,15,20,Afternoon (12:00-17:59),1
473,16,20,Afternoon (12:00-17:59),1
474,17,20,Afternoon (12:00-17:59),1
475,18,20,Evening (18:00-23:59),1
476,19,20,Evening (18:00-23:59),0
477,20,20,Evening (18:00-23:59),0
478,21,20,Evening (18:00-23:59),0
479,22,20,Evening (18:00-23:59),0
480,23,20,Evening (18:00-23:59),0
481,0,21,Night (00:00-05:59),0
482,1,21,Night (00:00-05:59),0
483,2,21,Night (00:00-05:59),0
484,3,21,Night (00:00-05:59),0
485,4,21,Night (00:00-05:59),0
486,5,21,Night (00:00-05:59),0
487,6,21,Morning (06:00-11:59),0
488,7,21,Morning (06:00-11:59),0
489,8,21,Morning (06:00-11:59),0
490,9,21,Morning (06:00-11:59),1
491,10,21,Morning (06:00-11:59),1
492,11,21,Morning (06:00-11:59),1
493,12,21,Afternoon (12:00-17:59),1
494,13,21,Afternoon (12:00-17:59),1
495,14,21,Afternoon (12:00-17:59),1
496,15,21,Afternoon (12:00-17:59),1
497,16,21,Afternoon (12:00-17:59),1
498,17,21,Afternoon (12:00-17:59),1
499,18,21,Evening (18:00-23:59),1
500,19,21,Evening (18:00-23:59),0
501,20,21,Evening (18:00-23:59),0
502,21,21,Evening (18:00-23:59),0
503,22,21,Evening (18:00-23:59),0
504,23,21,Evening (18:00-23:59),0
505,0,22,Night (00:00-05:59),0
506,1,22,Night (00:00-05:59),0
507,2,22,Night (00:00-05:59),0
508,3,22,Night (00:00-05:59),0
509,4,22,Night (00:00-05:59),0
510,5,22,Night (00:00-05:59),0
511,6,22,Morning (06:00-11:59),0
512,7,22,Morning (06:00-11:59),0
513,8,22,Morning (06:00-11:59),0
514,9,22,Morning (06:00-11:59),1
515,10,22,Morning (06:00-11:59),1
516,11,22,Morning (06:00-11:59),1
517,12,22,Afternoon (12:00-17:59),1
518,13,22,Afternoon (12:00-17:59),1
519,14,22,Afternoon (12:00-17:59),1
520,15,22,Afternoon (12:00-17:59),1
521,16,22,Afternoon (12:00-17:59),1
522,17,22,Afternoon (12:00-17:59),1
523,18,22,Evening (18:00-23:59),1
524,19,22,Evening (18:00-23:59),0
525,20,22,Evening (18:00-23:59),0
526,21,22,Evening (18:00-23:59),0
527,22,22,Evening (18:00-23:59),0
528,23,22,Evening (18:00-23:59),0
529,0,23,Night (00:00-05:59),0
530,1,23,Night (00:00-05:59),0
531,2,23,Night (00:00-05:59),0
532,3,23,Night (00:00-05:59),0
533,4,23,Night (00:00-05:59),0
534,5,23,Night (00:00-05:59),0
535,6,23,Morning (06:00-11:59),0
536,7,23,Morning (06:00-11:59),0
537,8,23,Morning (06:00-11:59),0
538,9,23,Morning (06:00-11:59),1
539,10,23,Morning (06:00-11:59),1
540,11,23,Morning (06:00-11:59),1
541,12,23,Afternoon (12:00-17:59),1
542,13,23,Afternoon (12:00-17:59),1
543,14,23,Afternoon (12:00-17:59),1
544,15,23,Afternoon (12:00-17:59),1
545,16,23,Afternoon (12:00-17:59),1
546,17,23,Afternoon (12:00-17:59),1
547,18,23,Evening (18:00-23:59),1
548,19,23,Evening (18:00-23:59),0
549,20,23,Evening (18:00-23:59),0
550,21,23,Evening (18:00-23:59),0
551,22,23,Evening (18:00-23:59),0
552,23,23,Evening (18:00-23:59),0
553,0,24,Night (00:00-05:59),0
554,1,24,Night (00:00-05:59),0
555,2,24,Night (00:00-05:59),0
556,3,24,Night (00:00-05:59),0
557,4,24,Night (00:00-05:59),0
558,5,24,Night (00:00-05:59),0
559,6,24,Morning (06:00-11:59),0
560,7,24,Morning (06:00-11:59),0
561,8,24,Morning (06:00-11:59),0
562,9,24,Morning (06:00-11:59),1
563,10,24,Morning (06:00-11:59),1
564,11,24,Morning (06:00-11:59),1
565,12,24,Afternoon (12:00-17:59),1
566,13,24,Afternoon (12:00-17:59),1
567,14,24,Afternoon (12:00-17:59),1
568,15,24,Afternoon (12:00-17:59),1
569,16,24,Afternoon (12:00-17:59),1
570,17,24,Afternoon (12:00-17:59),1
571,18,24,Evening (18:00-23:59),1
572,19,24,Evening (18:00-23:59),0
573,20,24,Evening (18:00-23:59),0
574,21,24,Evening (18:00-23:59),0
575,22,24,Evening (18:00-23:59),0
576,23,24,Evening (18:00-23:59),0
577,0,25,Night (00:00-05:59),0
578,1,25,Night (00:00-05:59),0
579,2,25,Night (00:00-05:59),0
580,3,25,Night (00:00-05:59),0
581,4,25,Night (00:00-05:59),0
582,5,25,Night (00:00-05:59),0
583,6,25,Morning (06:00-11:59),0
584,7,25,Morning (06:00-11:59),0
585,8,25,Morning (06:00-11:59),0
586,9,25,Morning (06:00-11:59),1
587,10,25,Morning (06:00-11:59),1
588,11,25,Morning (06:00-11:59),1
589,12,25,Afternoon (12:00-17:59),1
590,13,25,Afternoon (12:00-17:59),1
591,14,25,Afternoon (12:00-17:59),1
592,15,25,Afternoon (12:00-17:59),1
593,16,25,Afternoon (12:00-17:59),1
594,17,25,Afternoon (12:00-17:59),1
595,18,25,Evening (18:00-23:59),1
596,19,25,Evening (18:00-23:59),0
597,20,25,Evening (18:00-23:59),0
598,21,25,Evening (18:00-23:59),0
599,22,25,Evening (18:00-23:59),0
600,23,25,Evening (18:00-23:59),0
601,0,26,Night (00:00-05:59),0
602,1,26,Night (00:00-05:59),0
603,2,26,Night (00:00-05:59),0
604,3,26,Night (00:00-05:59),0
605,4,26,Night (00:00-05:59),0
606,5,26,Night (00:00-05:59),0
607,6,26,Morning (06:00-11:59),0
608,7,26,Morning (06:00-11:59),0
609,8,26,Morning (06:00-11:59),0
610,9,26,Morning (06:00-11:59),1
611,10,26,Morning (06:00-11:59),1
612,11,26,Morning (06:00-11:59),1
613,12,26,Afternoon (12:00-17:59),1
614,13,26,Afternoon (12:00-17:59),1
615,14,26,Afternoon (12:00-17:59),1
616,15,26,Afternoon (12:00-17:59),1
617,16,26,Afternoon (12:00-17:59),1
618,17,26,Afternoon (12:00-17:59),1
619,18,26,Evening (18:00-23:59),1
620,19,26,Evening (18:00-23:59),0
621,20,26,Evening (18:00-23:59),0
622,21,26,Evening (18:00-23:59),0
623,22,26,Evening (18:00-23:59),0
624,23,26,Evening (18:00-23:59),0
625,0,27,Night (00:00-05:59),0
626,1,27,Night (00:00-05:59),0
627,2,27,Night (00:00-05:59),0
628,3,27,Night (00:00-05:59),0
629,4,27,Night (00:00-05:59),0
630,5,27,Night (00:00-05:59),0
631,6,27,Morning (06:00-11:59),0
632,7,27,Morning (06:00-11:59),0
633,8,27,Morning (06:00-11:59),0
634,9,27,Morning (06:00-11:59),1
635,10,27,Morning (06:00-11:59),1
636,11,27,Morning (06:00-11:59),1
637,12,27,Afternoon (12:00-17:59),1
638,13,27,Afternoon (12:00-17:59),1
639,14,27,Afternoon (12:00-17:59),1
640,15,27,Afternoon (12:00-17:59),1
641,16,27,Afternoon (12:00-17:59),1
642,17,27,Afternoon (12:00-17:59),1
643,18,27,Evening (18:00-23:59),1
644,19,27,Evening (18:00-23:59),0
645,20,27,Evening (18:00-23:59),0
646,21,27,Evening (18:00-23:59),0
647,22,27,Evening (18:00-23:59),0
648,23,27,Evening (18:00-23:59),0
649,0,28,Night (00:00-05:59),0
650,1,28,Night (00:00-05:59),0
651,2,28,Night (00:00-05:59),0
652,3,28,Night (00:00-05:59),0
653,4,28,Night (00:00-05:59),0
654,5,28,Night (00:00-05:59),0
655,6,28,Morning (06:00-11:59),0
656,7,28,Morning (06:00-11:59),0
657,8,28,Morning (06:00-11:59),0
658,9,28,Morning (06:00-11:59),1
659,10,28,Morning (06:00-11:59),1
660,11,28,Morning (06:00-11:59),1
661,12,28,Afternoon (12:00-17:59),1
662,13,28,Afternoon (12:00-17:59),1
663,14,28,Afternoon (12:00-17:59),1
664,15,28,Afternoon (12:00-17:59),1
665,16,28,Afternoon (12:00-17:59),1
666,17,28,Afternoon (12:00-17:59),1
667,18,28,Evening (18:00-23:59),1
668,19,28,Evening (18:00-23:59),0
669,20,28,Evening (18:00-23:59),0
670,21,28,Evening (18:00-23:59),0
671,22,28,Evening (18:00-23:59),0
672,23,28,Evening (18:00-23:59),0
673,0,29,Night (00:00-05:59),0
674,1,29,Night (00:00-05:59),0
675,2,29,Night (00:00-05:59),0
676,3,29,Night (00:00-05:59),0
677,4,29,Night (00:00-05:59),0
678,5,29,Night (00:00-05:59),0
679,6,29,Morning (06:00-11:59),0
680,7,29,Morning (06:00-11:59),0
681,8,29,Morning (06:00-11:59),0
682,9,29,Morning (06:00-11:59),1
683,10,29,Morning (06:00-11:59),1
684,11,29,Morning (06:00-11:59),1
685,12,29,Afternoon (12:00-17:59),1
686,13,29,Afternoon (12:00-17:59),1
687,14,29,Afternoon (12:00-17:59),1
688,15,29,Afternoon (12:00-17:59),1
689,16,29,Afternoon (12:00-17:59),1
690,17,29,Afternoon (12:00-17:59),1
691,18,29,Evening (18:00-23:59),1
692,19,29,Evening (18:00-23:59),0
693,20,29,Evening (18:00-23:59),0
694,21,29,Evening (18:00-23:59),0
695,22,29,Evening (18:00-23:59),0
696,23,29,Evening (18:00-23:59),0
697,0,30,Night (00:00-05:59),0
698,1,30,Night (00:00-05:59),0
699,2,30,Night (00:00-05:59),0
700,3,30,Night (00:00-05:59),0
701,4,30,Night (00:00-05:59),0
702,5,30,Night (00:00-05:59),0
703,6,30,Morning (06:00-11:59),0
704,7,30,Morning (06:00-11:59),0
705,8,30,Morning (06:00-11:59),0
706,9,30,Morning (06:00-11:59),1
707,10,30,Morning (06:00-11:59),1
708,11,30,Morning (06:00-11:59),1
709,12,30,Afternoon (12:00-17:59),1
710,13,30,Afternoon (12:00-17:59),1
711,14,30,Afternoon (12:00-17:59),1
712,15,30,Afternoon (12:00-17:59),1
713,16,30,Afternoon (12:00-17:59),1
714,17,30,Afternoon (12:00-17:59),1
715,18,30,Evening (18:00-23:59),1
716,19,30,Evening (18:00-23:59),0
717,20,30,Evening (18:00-23:59),0
718,21,30,Evening (18:00-23:59),0
719,22,30,Evening (18:00-23:59),0
720,23,30,Evening (18:00-23:59),0
721,0,31,Night (00:00-05:59),0
722,1,31,Night (00:00-05:59),0
723,2,31,Night (00:00-05:59),0
724,3,31,Night (00:00-05:59),0
725,4,31,Night (00:00-05:59),0
726,5,31,Night (00:00-05:59),0
727,6,31,Morning (06:00-11:59),0
728,7,31,Morning (06:00-11:59),0
729,8,31,Morning (06:00-11:59),0
730,9,31,Morning (06:00-11:59),1
731,10,31,Morning (06:00-11:59),1
732,11,31,Morning (06:00-11:59),1
733,12,31,Afternoon (12:00-17:59),1
734,13,31,Afternoon (12:00-17:59),1
735,14,31,Afternoon (12:00-17:59),1
736,15,31,Afternoon (12:00-17:59),1
737,16,31,Afternoon (12:00-17:59),1
738,17,31,Afternoon (12:00-17:59),1
739,18,31,Evening (18:00-23:59),1
740,19,31,Evening (18:00-23:59),0
741,20,31,Evening (18:00-23:59),0
742,21,31,Evening (18:00-23:59),0
743,22,31,Evening (18:00-23:59),0
