threshold,precision,recall,f1_score,true_positives,false_positives,false_negatives,true_negatives,alert_count,fraud_exposure_recall_pct,flagged_fraud_exposure_usd,false_alert_volume_usd,model_type
0.1,0.8483,1.0,0.9179,1314,235,0,1016471,1549,100.0,1959696842.04,86416223.87,XGBoost
0.2,0.9019,1.0,0.9484,1314,143,0,1016563,1457,100.0,1959696842.04,52064712.49,XGBoost
0.3,0.9208,1.0,0.9588,1314,113,0,1016593,1427,100.0,1959696842.04,34991972.85,XGBoost
0.4,0.9326,1.0,0.9651,1314,95,0,1016611,1409,100.0,1959696842.04,29757845.48,XGBoost
0.5,0.9467,1.0,0.9726,1314,74,0,1016632,1388,100.0,1959696842.04,21473679.21,XGBoost
0.6,0.9556,1.0,0.9773,1314,61,0,1016645,1375,100.0,1959696842.04,17211550.16,XGBoost
0.7,0.9662,1.0,0.9828,1314,46,0,1016660,1360,100.0,1959696842.04,13326130.0,XGBoost
0.8,0.9806,1.0,0.9902,1314,26,0,1016680,1340,100.0,1959696842.04,9189924.41,XGBoost
0.9,0.9932,1.0,0.9966,1314,9,0,1016697,1323,100.0,1959696842.04,3896440.57,XGBoost
0.1,0.8702,1.0,0.9306,1314,196,0,1016510,1510,100.0,1959696842.04,58037696.41,Randomforest
0.2,0.9247,1.0,0.9609,1314,107,0,1016599,1421,100.0,1959696842.04,24908677.52,Randomforest
0.3,0.9669,1.0,0.9832,1314,45,0,1016661,1359,100.0,1959696842.04,11040272.89,Randomforest
0.4,0.9895,1.0,0.9947,1314,14,0,1016692,1328,100.0,1959696842.04,4393576.48,Randomforest
0.5,0.9992,1.0,0.9996,1314,1,0,1016705,1315,100.0,1959696842.04,417478.47,Randomforest
0.6,1.0,1.0,1.0,1314,0,0,1016706,1314,100.0,1959696842.04,0.0,Randomforest
0.7,1.0,0.9992,0.9996,1313,0,1,1016706,1313,99.9819,1959342967.82,0.0,Randomforest
0.8,1.0,0.9985,0.9992,1312,0,2,1016706,1312,99.9616,1958943922.74,0.0,Randomforest
0.9,1.0,0.9985,0.9992,1312,0,2,1016706,1312,99.9616,1958943922.74,0.0,Randomforest
0.1,0.0377,0.9992,0.0727,1313,33471,1,983235,34784,100.0,1959696842.04,6194597022.07,Logisticregression
0.2,0.0442,0.9992,0.0847,1313,28391,1,988315,29704,100.0,1959696842.04,5121236313.5,Logisticregression
0.3,0.05,0.9985,0.0952,1312,24933,2,991773,26245,99.9819,1959342967.82,4358247257.85,Logisticregression
0.4,0.0565,0.9985,0.107,1312,21905,2,994801,23217,99.9819,1959342967.82,3838493016.58,Logisticregression
0.5,0.0643,0.9985,0.1209,1312,19077,2,997629,20389,99.9819,1959342967.82,3326055237.43,Logisticregression
0.6,0.0757,0.9985,0.1407,1312,16029,2,1000677,17341,99.9819,1959342967.82,2846325156.47,Logisticregression
0.7,0.0943,0.997,0.1723,1310,12579,4,1004127,13889,99.8518,1956793458.82,2307609177.26,Logisticregression
0.8,0.1371,0.9855,0.2407,1295,8152,19,1008554,9447,99.8293,1956351782.61,1655285054.73,Logisticregression
0.9,0.298,0.9338,0.4519,1227,2890,87,1013816,4117,99.3919,1947779632.42,781091935.48,Logisticregression
