feature,importance_score,relative_importance_pct,rank,model_type,coefficient,odds_ratio
newbalanceOrig,0.49556428,49.556423,1,XGBoost,,
orig_balance_error,0.42074776,42.074768,2,XGBoost,,
amount,0.030243158,3.0243154,3,XGBoost,,
origin_balance_change,0.0229606,2.2960598,4,XGBoost,,
is_payment,0.00780369,0.7803689,5,XGBoost,,
amount_to_destination_balance_ratio,0.0049736463,0.49736458,6,XGBoost,,
dest_balance_error,0.0025660424,0.25660422,7,XGBoost,,
amount_to_origin_balance_ratio,0.0025492758,0.25492755,8,XGBoost,,
transaction_day,0.0024621899,0.24621896,9,XGBoost,,
is_transfer,0.0015779862,0.15779859,10,XGBoost,,
destination_balance_change,0.0014850994,0.14850992,11,XGBoost,,
oldbalanceDest,0.0014462005,0.14462005,12,XGBoost,,
transaction_hour,0.0012927145,0.12927143,13,XGBoost,,
step,0.001123548,0.11235479,14,XGBoost,,
is_cashout,0.0010424934,0.10424933,15,XGBoost,,
zero_balance_origin_after_transaction,0.0008973471,0.0897347,16,XGBoost,,
newbalanceDest,0.0006855407,0.068554066,17,XGBoost,,
oldbalanceOrg,0.00053004554,0.053004548,18,XGBoost,,
zero_balance_destination_after_transaction,4.843147e-05,0.004843146,19,XGBoost,,
is_dest_merchant,0.0,0.0,20,XGBoost,,
orig_balance_error,0.2907068941926785,29.07068941926785,1,RandomForest,,
amount_to_origin_balance_ratio,0.1656863631591379,16.56863631591379,2,RandomForest,,
origin_balance_change,0.1454262050941121,14.542620509411217,3,RandomForest,,
zero_balance_origin_after_transaction,0.1332024427887929,13.320244278879295,4,RandomForest,,
newbalanceOrig,0.0544619630332719,5.446196303327192,5,RandomForest,,
oldbalanceOrg,0.0479458117766513,4.794581177665135,6,RandomForest,,
amount,0.0364757868415891,3.647578684158913,7,RandomForest,,
is_dest_merchant,0.0265497925550551,2.6549792555055167,8,RandomForest,,
is_transfer,0.0173140012903125,1.7314001290312586,9,RandomForest,,
dest_balance_error,0.0144093473878046,1.440934738780465,10,RandomForest,,
transaction_day,0.0109553498456718,1.0955349845671856,11,RandomForest,,
destination_balance_change,0.0104763185975012,1.047631859750121,12,RandomForest,,
is_payment,0.0095747424165999,0.9574742416599952,13,RandomForest,,
step,0.0080857614884226,0.8085761488422608,14,RandomForest,,
newbalanceDest,0.006800775704138,0.6800775704138085,15,RandomForest,,
transaction_hour,0.0062553710919863,0.6255371091986389,16,RandomForest,,
zero_balance_destination_after_transaction,0.0051698630912086,0.5169863091208644,17,RandomForest,,
is_cashout,0.0041545186003007,0.415451860030073,18,RandomForest,,
oldbalanceDest,0.0032914440942414,0.3291444094241441,19,RandomForest,,
amount_to_destination_balance_ratio,0.0030572469505228,0.3057246950522861,20,RandomForest,,
amount_to_origin_balance_ratio,69.36110260070663,48.12422545850851,1,LogisticRegression,-69.36110260070663,7.531056083487289e-31
is_cashout,19.642599455219315,13.628458160705776,2,LogisticRegression,19.642599455219315,339369300.7764767
is_payment,16.334974885550203,11.33355706261918,3,LogisticRegression,-16.334974885550203,8.0502718287115e-08
is_dest_merchant,16.334974885550203,11.33355706261918,4,LogisticRegression,-16.334974885550203,8.0502718287115e-08
is_transfer,11.069547118179344,7.680289979032409,5,LogisticRegression,11.069547118179344,64186.43138384278
zero_balance_origin_after_transaction,3.704683954858065,2.570389443236621,6,LogisticRegression,3.704683954858065,40.63720209684645
zero_balance_destination_after_transaction,2.533261992084793,1.757631679449643,7,LogisticRegression,2.533261992084793,12.594522435373502
oldbalanceOrg,1.85482150092406,1.2869150683721862,8,LogisticRegression,1.85482150092406,6.390557440209305
newbalanceOrig,1.8054169317014657,1.252637115185145,9,LogisticRegression,1.8054169317014657,6.082506909881615
origin_balance_change,0.5324201514525255,0.3694045574023725,10,LogisticRegression,0.5324201514525255,1.7030489615654858
transaction_hour,0.3338027082538309,0.2315995015699829,11,LogisticRegression,-0.3338027082538309,0.7161950676650222
transaction_day,0.1531611002837124,0.106266467013336,12,LogisticRegression,0.1531611002837124,1.16551272825029
step,0.1433211052776539,0.0994392667465206,13,LogisticRegression,0.1433211052776539,1.154100329880411
orig_balance_error,0.0779289328737174,0.0540687704597929,14,LogisticRegression,-0.0779289328737174,0.925030163443086
amount_to_destination_balance_ratio,0.0610188764974615,0.0423362094846342,15,LogisticRegression,0.0610188764974615,1.0629189781852193
amount,0.0512705451017635,0.0355726074030541,16,LogisticRegression,0.0512705451017635,1.0526076326031326
destination_balance_change,0.0512264110552392,0.0355419862519234,17,LogisticRegression,0.0512264110552392,1.0525611777940305
oldbalanceDest,0.0368055432949487,0.025536477899516,18,LogisticRegression,-0.0368055432949487,0.9638635468561916
dest_balance_error,0.0241784139541759,0.0167755038592489,19,LogisticRegression,0.0241784139541759,1.024473081879799
newbalanceDest,0.0227690000722512,0.0157976221809751,20,LogisticRegression,-0.0227690000722512,0.9774882574122634
